epoch,fit/loss,fit/pred_loss,fit/sigreg_loss,step,validate/loss_epoch,validate/loss_step,validate/pred_loss_epoch,validate/pred_loss_step,validate/sigreg_loss_epoch,validate/sigreg_loss_step
0,2.644394636154175,0.3592384457588196,25.40625,49,,,,,,
0,1.8104223012924194,0.24987542629241943,17.34375,99,,,,,,
0,1.3246856927871704,0.10007631033658981,13.59375,149,,,,,,
0,1.0598465204238892,0.05984652042388916,11.109375,199,,,,,,
0,0.8677509427070618,0.04255561903119087,9.171875,249,,,,,,
0,0.8276146054267883,0.03464585542678833,8.8125,299,,,,,,
0,0.723189651966095,0.03275997191667557,7.6796875,349,,,,,,
0,0.6590176820755005,0.040853604674339294,6.8671875,399,,,,,,
0,0.5914338827133179,0.040652595460414886,6.109375,449,,,,,,
,,,,0,,0.7080557346343994,,0.04008696228265762,,7.421875
,,,,1,,0.7482602000236511,,0.03829924389719963,,7.8828125
,,,,2,,0.7682890295982361,,0.03293745964765549,,8.1796875
,,,,3,,0.7100603580474854,,0.03525567799806595,,7.4921875
,,,,4,,0.7302875518798828,,0.0339985117316246,,7.7421875
,,,,5,,0.7122777104377747,,0.038449592888355255,,7.484375
,,,,6,,0.6852850317955017,,0.03782409429550171,,7.1953125
,,,,7,,0.6918081045150757,,0.035558126866817474,,7.296875
,,,,8,,0.7318676114082336,,0.035578567534685135,,7.75
,,,,9,,0.6995436549186707,,0.03743423521518707,,7.3515625
,,,,10,,0.7014117240905762,,0.038325756788253784,,7.3671875
,,,,11,,0.7088649272918701,,0.03991959989070892,,7.4375
,,,,12,,0.7173200845718384,,0.03567947819828987,,7.5625
,,,,13,,0.750861406326294,,0.03504105657339096,,7.9453125
,,,,14,,0.7566152215003967,,0.03688862547278404,,8.0
,,,,15,,0.7906924486160278,,0.035809677094221115,,8.390625
,,,,16,,0.7127733826637268,,0.0389452688395977,,7.484375
,,,,17,,0.7169187664985657,,0.03430156782269478,,7.5859375
,,,,18,,0.7478652000427246,,0.03790431469678879,,7.8984375
,,,,19,,0.743007481098175,,0.035976193845272064,,7.8515625
,,,,20,,0.7591969966888428,,0.03654075786471367,,8.03125
,,,,21,,0.719958484172821,,0.03831786662340164,,7.5703125
,,,,22,,0.7556074857711792,,0.03881058841943741,,7.96875
,,,,23,,0.7080632448196411,,0.03716481477022171,,7.4609375
,,,,24,,0.7078299522399902,,0.036931514739990234,,7.453125
,,,,25,,0.7149689793586731,,0.0391877144575119,,7.5
,,,,26,,0.7255455255508423,,0.03609234467148781,,7.6640625
,,,,27,,0.7169773578643799,,0.03631333261728287,,7.5703125
,,,,28,,0.7266221046447754,,0.03619243949651718,,7.671875
,,,,29,,0.7169896364212036,,0.03437241166830063,,7.5859375
,,,,30,,0.6676161289215088,,0.0367567352950573,,7.0078125
,,,,31,,0.7149025201797485,,0.03521506488323212,,7.546875
,,,,32,,0.7080013155937195,,0.035149719566106796,,7.46875
,,,,33,,0.8052898049354553,,0.03478200361132622,,8.5546875
,,,,34,,0.6856482028961182,,0.03721073269844055,,7.203125
,,,,35,,0.720318078994751,,0.03965398296713829,,7.5546875
,,,,36,,0.6833310723304749,,0.037823259830474854,,7.1640625
,,,,37,,0.8039822578430176,,0.03835722431540489,,8.515625
,,,,38,,0.6505453586578369,,0.03433442860841751,,6.8515625
,,,,39,,0.7295771241188049,,0.03817088156938553,,7.6796875
,,,,40,,0.6957786679267883,,0.034645840525627136,,7.34375
,,,,41,,0.6833218932151794,,0.037814099341630936,,7.171875
,,,,42,,0.7315751314163208,,0.03821572661399841,,7.6953125
,,,,43,,0.7177404165267944,,0.03414660692214966,,7.6015625
,,,,44,,0.6702960729598999,,0.037483569234609604,,7.03125
,,,,45,,0.7069862484931946,,0.036087796092033386,,7.4453125
,,,,46,,0.7789291739463806,,0.034788548946380615,,8.265625
,,,,47,,0.7572572827339172,,0.034601084887981415,,8.015625
,,,,48,,0.7364890575408936,,0.03629374876618385,,7.7734375
,,,,49,,0.7644760012626648,,0.034983787685632706,,8.1015625
,,,,50,,0.7047794461250305,,0.035834167152643204,,7.4375
,,,,51,,0.6775354146957397,,0.038863588124513626,,7.09375
,,,,52,,0.36351513862609863,,0.033925291150808334,,3.66015625
0,,,,470,0.7197675108909607,,0.03661949560046196,,7.589664459228516,
1,0.5459591746330261,0.03863494470715523,5.640625,499,,,,,,
1,0.5073785781860352,0.03814031183719635,5.2109375,549,,,,,,
1,0.49543094635009766,0.036446571350097656,5.1015625,599,,,,,,
1,0.45555415749549866,0.03319089487195015,4.6875,649,,,,,,
1,0.43005695939064026,0.03601400926709175,4.3828125,699,,,,,,
1,0.42672693729400635,0.03610195964574814,4.3359375,749,,,,,,
1,0.38119542598724365,0.029144637286663055,3.9140625,799,,,,,,
1,0.3843829929828644,0.03330878168344498,3.90234375,849,,,,,,
1,0.35685062408447266,0.029213882982730865,3.63671875,899,,,,,,
,,,,53,,0.5587080717086792,,0.02745809592306614,,5.9140625
,,,,54,,0.5035361647605896,,0.026485389098525047,,5.3046875
,,,,55,,0.47882387042045593,,0.023745764046907425,,5.0546875
,,,,56,,0.48378849029541016,,0.026268960908055305,,5.0859375
,,,,57,,0.5232628583908081,,0.02375114895403385,,5.5546875
,,,,58,,0.5054698586463928,,0.02548937499523163,,5.3359375
,,,,59,,0.4882790446281433,,0.02636498399078846,,5.140625
,,,,60,,0.5029186606407166,,0.023914748802781105,,5.3203125
,,,,61,,0.4974379539489746,,0.025269970297813416,,5.2421875
,,,,62,,0.4868605136871338,,0.026411280035972595,,5.1171875
,,,,63,,0.46737241744995117,,0.02596614509820938,,4.90625
,,,,64,,0.5126053094863892,,0.027741987258195877,,5.37890625
,,,,65,,0.5059141516685486,,0.02446884475648403,,5.359375
,,,,66,,0.4924303889274597,,0.023192111402750015,,5.2109375
,,,,67,,0.5636067986488342,,0.026497432962059975,,5.96875
,,,,68,,0.47001057863235474,,0.026162952184677124,,4.9296875
,,,,69,,0.4982641339302063,,0.025607895106077194,,5.2578125
,,,,70,,0.488658607006073,,0.02430315501987934,,5.15625
,,,,71,,0.5304911136627197,,0.02707313373684883,,5.59375
,,,,72,,0.4862276315689087,,0.025290116667747498,,5.125
,,,,73,,0.4474020004272461,,0.026991840451955795,,4.671875
,,,,74,,0.48360294103622437,,0.02657170034945011,,5.0859375
,,,,75,,0.4308367967605591,,0.027028195559978485,,4.484375
,,,,76,,0.48373132944107056,,0.025235245004296303,,5.1015625
,,,,77,,0.5478166341781616,,0.025843948125839233,,5.8046875
,,,,78,,0.48512008786201477,,0.026624012738466263,,5.1015625
,,,,79,,0.507166862487793,,0.025233283638954163,,5.3515625
,,,,80,,0.4603002369403839,,0.026218213140964508,,4.8203125
,,,,81,,0.508910596370697,,0.02502387762069702,,5.3828125
,,,,82,,0.5089333057403564,,0.02455834113061428,,5.375
,,,,83,,0.5147837400436401,,0.025525953620672226,,5.4375
,,,,84,,0.5456609725952148,,0.024664878845214844,,5.796875
,,,,85,,0.5454043745994568,,0.024896586313843727,,5.7734375
,,,,86,,0.5381895303726196,,0.02744741551578045,,5.6796875
,,,,87,,0.5035011172294617,,0.02498551271855831,,5.3125
,,,,88,,0.508514404296875,,0.028045693412423134,,5.34375
,,,,89,,0.5177639722824097,,0.026553049683570862,,5.4609375
,,,,90,,0.5147991180419922,,0.025541331619024277,,5.4375
,,,,91,,0.5187738537788391,,0.023656640201807022,,5.5078125
,,,,92,,0.5198093056678772,,0.02811010181903839,,5.4609375
,,,,93,,0.5016798973083496,,0.025117378681898117,,5.296875
,,,,94,,0.4920455813407898,,0.027201861143112183,,5.1640625
,,,,95,,0.49099165201187134,,0.02712448313832283,,5.1484375
,,,,96,,0.5191691517829895,,0.023563668131828308,,5.5
,,,,97,,0.5357378125190735,,0.026460474357008934,,5.65625
,,,,98,,0.46734291315078735,,0.026424961164593697,,4.90625
,,,,99,,0.47882354259490967,,0.025210270658135414,,5.0390625
,,,,100,,0.5151024460792542,,0.025356359779834747,,5.4453125
,,,,101,,0.4699786901473999,,0.024666201323270798,,4.9453125
,,,,102,,0.49973756074905396,,0.024639900773763657,,5.28125
,,,,103,,0.4771285057067871,,0.02546836994588375,,5.015625
,,,,104,,0.5278225541114807,,0.027822550386190414,,5.5546875
,,,,105,,0.2937997579574585,,0.023291951045393944,,3.00390625
1,,,,941,0.5004627108573914,,0.025735478848218918,,5.275814056396484,
2,0.33977195620536804,0.028736788779497147,3.453125,949,,,,,,
2,0.3354698419570923,0.028829211369156837,3.40625,999,,,,,,
2,0.32892635464668274,0.028145091608166695,3.34375,1049,,,,,,
2,0.32607632875442505,0.029689593240618706,3.29296875,1099,,,,,,
2,0.30589666962623596,0.02757635898888111,3.09765625,1149,,,,,,
2,0.2940194010734558,0.028394408524036407,2.953125,1199,,,,,,
2,0.28149691224098206,0.028811363503336906,2.8046875,1249,,,,,,
2,0.26287442445755005,0.026546310633420944,2.62890625,1299,,,,,,
2,0.26868146657943726,0.029667772352695465,2.65625,1349,,,,,,
2,0.27150824666023254,0.027367619797587395,2.7109375,1399,,,,,,
,,,,106,,0.34831058979034424,,0.022626983001828194,,3.625
,,,,107,,0.3456168472766876,,0.02335122786462307,,3.58203125
,,,,108,,0.34067055583000183,,0.02182290330529213,,3.546875
,,,,109,,0.3163730502128601,,0.02291603572666645,,3.2578125
,,,,110,,0.34168022871017456,,0.021855998784303665,,3.5546875
,,,,111,,0.3479670584201813,,0.02228344976902008,,3.61328125
,,,,112,,0.3257901668548584,,0.023055803030729294,,3.359375
,,,,113,,0.3051154315471649,,0.02191229909658432,,3.14453125
,,,,114,,0.3339647650718689,,0.02244134061038494,,3.45703125
,,,,115,,0.34717297554016113,,0.022954214364290237,,3.6015625
,,,,116,,0.3269191384315491,,0.022231649607419968,,3.38671875
,,,,117,,0.33596503734588623,,0.023465024307370186,,3.47265625
,,,,118,,0.34203943610191345,,0.021238654851913452,,3.5625
,,,,119,,0.3393486738204956,,0.020989302545785904,,3.54296875
,,,,120,,0.35594409704208374,,0.02342459186911583,,3.69140625
,,,,121,,0.35454684495925903,,0.02300388365983963,,3.68359375
,,,,122,,0.3258492946624756,,0.02213834971189499,,3.37109375
,,,,123,,0.3232288956642151,,0.021959370002150536,,3.34765625
,,,,124,,0.35278111696243286,,0.024656107649207115,,3.6484375
,,,,125,,0.37373030185699463,,0.023144377395510674,,3.8984375
,,,,126,,0.33669453859329224,,0.02321799471974373,,3.484375
,,,,127,,0.3537635803222656,,0.022708892822265625,,3.6796875
,,,,128,,0.33882641792297363,,0.022908471524715424,,3.51171875
,,,,129,,0.31918466091156006,,0.022309644147753716,,3.296875
,,,,130,,0.3223825991153717,,0.022089624777436256,,3.33984375
,,,,131,,0.3374899625778198,,0.023036830127239227,,3.4921875
,,,,132,,0.3363574743270874,,0.0223926343023777,,3.48828125
,,,,133,,0.343636691570282,,0.022347643971443176,,3.56640625
,,,,134,,0.3201724588871002,,0.02280917391180992,,3.30078125
,,,,135,,0.3131377100944519,,0.021145526319742203,,3.24609375
,,,,136,,0.32732582092285156,,0.023126602172851562,,3.37890625
,,,,137,,0.3204687237739563,,0.022128865122795105,,3.3203125
,,,,138,,0.3505699038505554,,0.021956633776426315,,3.65234375
,,,,139,,0.3860602378845215,,0.024243803694844246,,4.015625
,,,,140,,0.3229924440383911,,0.021722886711359024,,3.34375
,,,,141,,0.3246971070766449,,0.02489243820309639,,3.328125
,,,,142,,0.3393456041812897,,0.024404188618063927,,3.5
,,,,143,,0.3683862090110779,,0.02268308959901333,,3.83984375
,,,,144,,0.30264511704444885,,0.020906826481223106,,3.1328125
,,,,145,,0.3199484944343567,,0.024050073698163033,,3.2890625
,,,,146,,0.3237863779067993,,0.02202858030796051,,3.3515625
,,,,147,,0.33034032583236694,,0.023699721321463585,,3.40625
,,,,148,,0.3280579447746277,,0.024347012862563133,,3.37109375
,,,,149,,0.3392017185688019,,0.021818919107317924,,3.52734375
,,,,150,,0.3249734938144684,,0.02321567013859749,,3.359375
,,,,151,,0.32999128103256226,,0.0223741065710783,,3.421875
,,,,152,,0.35073405504226685,,0.022609025239944458,,3.64453125
,,,,153,,0.3380245566368103,,0.023083150386810303,,3.5
,,,,154,,0.35319799184799194,,0.022143283858895302,,3.67578125
,,,,155,,0.3391992449760437,,0.02132818102836609,,3.53515625
,,,,156,,0.34086745977401733,,0.022996384650468826,,3.53125
,,,,157,,0.34780871868133545,,0.02358999475836754,,3.6015625
,,,,158,,0.210259810090065,,0.02080669067800045,,2.10546875
2,,,,1412,0.33577558398246765,,0.022673077881336212,,3.4788665771484375,
3,0.26721349358558655,0.0240494292229414,2.703125,1449,,,,,,
3,0.2698191702365875,0.02567855454981327,2.7109375,1499,,,,,,
3,0.2336144894361496,0.024141822010278702,2.328125,1549,,,,,,
3,0.2485625147819519,0.02444143034517765,2.48828125,1599,,,,,,
3,0.2399439960718155,0.023147117346525192,2.40625,1649,,,,,,
3,0.23766551911830902,0.02453075721859932,2.3671875,1699,,,,,,
3,0.23408815264701843,0.023638932034373283,2.3359375,1749,,,,,,
3,0.24124392867088318,0.024447066709399223,2.41015625,1799,,,,,,
3,0.22236531972885132,0.02509969100356102,2.19140625,1849,,,,,,
,,,,159,,0.3033929467201233,,0.019213274121284485,,3.16015625
,,,,160,,0.29787564277648926,,0.02004362642765045,,3.0859375
,,,,161,,0.30487656593322754,,0.01874377578496933,,3.1796875
,,,,162,,0.2870522737503052,,0.019230017438530922,,2.9765625
,,,,163,,0.28882378339767456,,0.018804237246513367,,3.0
,,,,164,,0.30435609817504883,,0.018711544573307037,,3.17578125
,,,,165,,0.28386181592941284,,0.019213354215025902,,2.9375
,,,,166,,0.27802857756614685,,0.01875123754143715,,2.87890625
,,,,167,,0.295471727848053,,0.018127959221601486,,3.0859375
,,,,168,,0.3042597770690918,,0.01934765838086605,,3.1640625
,,,,169,,0.2747038006782532,,0.018356146290898323,,2.84375
,,,,170,,0.2798444628715515,,0.01959056407213211,,2.890625
,,,,171,,0.30162474513053894,,0.01842162385582924,,3.1484375
,,,,172,,0.29560327529907227,,0.018015392124652863,,3.08203125
,,,,173,,0.3032723367214203,,0.020557479932904243,,3.14453125
,,,,174,,0.31196752190589905,,0.019487064331769943,,3.25390625
,,,,175,,0.2878015339374542,,0.019246861338615417,,2.984375
,,,,176,,0.3053610920906067,,0.018251696601510048,,3.19140625
,,,,177,,0.3032214939594269,,0.020018376410007477,,3.140625
,,,,178,,0.33458471298217773,,0.020131608471274376,,3.49609375
,,,,179,,0.3009413480758667,,0.019691362977027893,,3.12109375
,,,,180,,0.309532105922699,,0.01851649582386017,,3.234375
,,,,181,,0.28526681661605835,,0.020130079239606857,,2.94921875
,,,,182,,0.2925114035606384,,0.019073905423283577,,3.0390625
,,,,183,,0.2824059724807739,,0.018734093755483627,,2.93359375
,,,,184,,0.2745538353919983,,0.01967102289199829,,2.83203125
,,,,185,,0.2707971930503845,,0.01884409226477146,,2.796875
,,,,186,,0.3012402653694153,,0.019501961767673492,,3.13671875
,,,,187,,0.26980841159820557,,0.01932011917233467,,2.78515625
,,,,188,,0.2895694077014923,,0.01954987645149231,,3.0
,,,,189,,0.27830249071121216,,0.01951344683766365,,2.87890625
,,,,190,,0.2953646779060364,,0.018997492268681526,,3.0703125
,,,,191,,0.34145841002464294,,0.019192805513739586,,3.58203125
,,,,192,,0.33950090408325195,,0.02065323293209076,,3.546875
,,,,193,,0.27938365936279297,,0.017909042537212372,,2.90625
,,,,194,,0.28515034914016724,,0.02074606902897358,,2.9375
,,,,195,,0.3010804057121277,,0.02031867951154709,,3.1171875
,,,,196,,0.30994826555252075,,0.01942092552781105,,3.2265625
,,,,197,,0.3025413751602173,,0.01738514006137848,,3.16796875
,,,,198,,0.281618595123291,,0.019655713811516762,,2.91796875
,,,,199,,0.3125549554824829,,0.019097935408353806,,3.2578125
,,,,200,,0.28200212121009827,,0.020283376798033714,,2.9140625
,,,,201,,0.3112357258796692,,0.020220085978507996,,3.234375
,,,,202,,0.3018750250339508,,0.019160183146595955,,3.140625
,,,,203,,0.2885739803314209,,0.0195310078561306,,2.98828125
,,,,204,,0.28901004791259766,,0.019478801637887955,,2.99609375
,,,,205,,0.32416918873786926,,0.019969966262578964,,3.375
,,,,206,,0.31301912665367126,,0.019562087953090668,,3.25390625
,,,,207,,0.28985148668289185,,0.01836710423231125,,3.015625
,,,,208,,0.2959223985671997,,0.018090346828103065,,3.08984375
,,,,209,,0.31322312355041504,,0.018789511173963547,,3.26953125
,,,,210,,0.2964872419834137,,0.019143495708703995,,3.0859375
,,,,211,,0.17442241311073303,,0.018172424286603928,,1.734375
3,,,,1883,0.29622116684913635,,0.019237186759710312,,3.0779666900634766,
4,0.2275608777999878,0.02150616981089115,2.2890625,1899,,,,,,
4,0.22721192240715027,0.022622061893343925,2.2734375,1949,,,,,,
4,0.21164605021476746,0.02316947840154171,2.09375,1999,,,,,,
4,0.21304254233837128,0.02456596866250038,2.09375,2049,,,,,,
4,0.2045532464981079,0.022180184721946716,2.025390625,2099,,,,,,
4,0.19325442612171173,0.022355983033776283,1.8984375,2149,,,,,,
4,0.2035580575466156,0.026311954483389854,1.970703125,2199,,,,,,
4,0.19153383374214172,0.021123677492141724,1.890625,2249,,,,,,
4,0.19172590970993042,0.022536450996994972,1.87890625,2299,,,,,,
4,0.19525621831417084,0.02216050773859024,1.921875,2349,,,,,,
,,,,212,,0.27308493852615356,,0.01771382987499237,,2.8359375
,,,,213,,0.2564316391944885,,0.018394526094198227,,2.64453125
,,,,214,,0.2697148323059082,,0.016785141080617905,,2.80859375
,,,,215,,0.2500748932361603,,0.01814129389822483,,2.578125
,,,,216,,0.25653955340385437,,0.017037592828273773,,2.66015625
,,,,217,,0.2839835286140442,,0.017626095563173294,,2.9609375
,,,,218,,0.24188213050365448,,0.018005188554525375,,2.48828125
,,,,219,,0.24687188863754272,,0.01786799170076847,,2.54296875
,,,,220,,0.274848997592926,,0.016304055228829384,,2.875
,,,,221,,0.25360023975372314,,0.01800454780459404,,2.6171875
,,,,222,,0.24911867082118988,,0.016940930858254433,,2.578125
,,,,223,,0.25975751876831055,,0.01830245554447174,,2.68359375
,,,,224,,0.2473599910736084,,0.0166471004486084,,2.5625
,,,,225,,0.26022496819496155,,0.01681675761938095,,2.703125
,,,,226,,0.27704375982284546,,0.018498852849006653,,2.875
,,,,227,,0.2802146077156067,,0.017763443291187286,,2.91796875
,,,,228,,0.2617146968841553,,0.017574075609445572,,2.71484375
,,,,229,,0.2577252984046936,,0.017246782779693604,,2.671875
,,,,230,,0.27024585008621216,,0.017804434522986412,,2.8046875
,,,,231,,0.283646821975708,,0.01851011998951435,,2.9453125
,,,,232,,0.2598154544830322,,0.018360398709774017,,2.68359375
,,,,233,,0.25770509243011475,,0.01649416796863079,,2.6796875
,,,,234,,0.24356050789356232,,0.01846286840736866,,2.5
,,,,235,,0.2710030972957611,,0.017829252406954765,,2.8125
,,,,236,,0.2441675364971161,,0.01711674965918064,,2.51953125
,,,,237,,0.2470652461051941,,0.018549609929323196,,2.5390625
,,,,238,,0.26103675365448,,0.01787269301712513,,2.69921875
,,,,239,,0.25006604194641113,,0.01813243329524994,,2.578125
,,,,240,,0.24761955440044403,,0.017639078199863434,,2.5546875
,,,,241,,0.2620583772659302,,0.01767360419034958,,2.71484375
,,,,242,,0.2603501081466675,,0.01791847124695778,,2.69140625
,,,,243,,0.2559933662414551,,0.017467983067035675,,2.65234375
,,,,244,,0.2683582305908203,,0.01762579381465912,,2.7890625
,,,,245,,0.2932887673377991,,0.01887470670044422,,3.046875
,,,,246,,0.2531053423881531,,0.017021365463733673,,2.625
,,,,247,,0.2594220042228699,,0.018699364736676216,,2.67578125
,,,,248,,0.2529338300228119,,0.019047103822231293,,2.59765625
,,,,249,,0.27750539779663086,,0.017495620995759964,,2.890625
,,,,250,,0.2547019124031067,,0.016176532953977585,,2.65234375
,,,,251,,0.24503028392791748,,0.017735369503498077,,2.5234375
,,,,252,,0.25935983657836914,,0.018148884177207947,,2.6796875
,,,,253,,0.2602267861366272,,0.017795149236917496,,2.69140625
,,,,254,,0.24378152191638947,,0.018195580691099167,,2.5078125
,,,,255,,0.27247247099876404,,0.018077947199344635,,2.82421875
,,,,256,,0.23755621910095215,,0.01782965287566185,,2.44140625
,,,,257,,0.25330543518066406,,0.01819799840450287,,2.61328125
,,,,258,,0.26339948177337646,,0.018282322213053703,,2.72265625
,,,,259,,0.2722535729408264,,0.018103154376149178,,2.8203125
,,,,260,,0.2402416169643402,,0.01685294508934021,,2.48046875
,,,,261,,0.25962743163108826,,0.016951654106378555,,2.6953125
,,,,262,,0.2602737545967102,,0.017353827133774757,,2.69921875
,,,,263,,0.2716420888900757,,0.017491716891527176,,2.82421875
,,,,264,,0.17528492212295532,,0.01781422644853592,,1.75
4,,,,2354,0.25918495655059814,,0.01772112399339676,,2.6827123165130615,
5,0.1867031753063202,0.021664109081029892,1.8359375,2399,,,,,,
5,0.18091130256652832,0.020999198779463768,1.779296875,2449,,,,,,
5,0.17964354157447815,0.020219705998897552,1.76953125,2499,,,,,,
5,0.18413373827934265,0.021536078304052353,1.806640625,2549,,,,,,
5,0.17760370671749115,0.02062128111720085,1.744140625,2599,,,,,,
5,0.18073049187660217,0.020330114290118217,1.78125,2649,,,,,,
5,0.16778934001922607,0.020084278658032417,1.640625,2699,,,,,,
5,0.17453399300575256,0.019260548055171967,1.72265625,2749,,,,,,
5,0.16608686745166779,0.018870070576667786,1.638671875,2799,,,,,,
,,,,265,,0.2558285892009735,,0.01510593295097351,,2.671875
,,,,266,,0.22087177634239197,,0.015549516305327415,,2.28125
,,,,267,,0.23113341629505157,,0.014580677263438702,,2.40625
,,,,268,,0.23081037402153015,,0.015234203077852726,,2.39453125
,,,,269,,0.22640039026737213,,0.014486327767372131,,2.35546875
,,,,270,,0.2438494861125946,,0.015089708380401134,,2.54296875
,,,,271,,0.2161780446767807,,0.015250315889716148,,2.23046875
,,,,272,,0.21625125408172607,,0.015079374425113201,,2.234375
,,,,273,,0.22146382927894592,,0.01394430547952652,,2.3046875
,,,,274,,0.2352391481399536,,0.01575673371553421,,2.4375
,,,,275,,0.22068625688552856,,0.014875704422593117,,2.2890625
,,,,276,,0.23170040547847748,,0.01563594490289688,,2.40234375
,,,,277,,0.21938297152519226,,0.014304843731224537,,2.27734375
,,,,278,,0.2263711839914322,,0.01445712335407734,,2.3515625
,,,,279,,0.23545050621032715,,0.015723953023552895,,2.44140625
,,,,280,,0.2314366102218628,,0.015372166410088539,,2.40234375
,,,,281,,0.2163659632205963,,0.015194086357951164,,2.234375
,,,,282,,0.22696688771247864,,0.014808679930865765,,2.359375
,,,,283,,0.23583285510540009,,0.015373866073787212,,2.44921875
,,,,284,,0.2445376217365265,,0.016022002324461937,,2.5390625
,,,,285,,0.2267809808254242,,0.016087625175714493,,2.34375
,,,,286,,0.23538897931575775,,0.014441723935306072,,2.453125
,,,,287,,0.22758272290229797,,0.016156934201717377,,2.34765625
,,,,288,,0.23789159953594208,,0.01499120146036148,,2.4765625
,,,,289,,0.21849104762077332,,0.014633619226515293,,2.265625
,,,,290,,0.23038460314273834,,0.016273273155093193,,2.37890625
,,,,291,,0.22089023888111115,,0.015567981638014317,,2.28125
,,,,292,,0.2250814437866211,,0.015852926298975945,,2.32421875
,,,,293,,0.24331605434417725,,0.015044569037854671,,2.53515625
,,,,294,,0.22679883241653442,,0.01512890961021185,,2.34765625
,,,,295,,0.232697993516922,,0.015168690122663975,,2.41796875
,,,,296,,0.22900283336639404,,0.015379779040813446,,2.375
,,,,297,,0.23645693063735962,,0.015509662218391895,,2.45703125
,,,,298,,0.2626916468143463,,0.015865463763475418,,2.7421875
,,,,299,,0.23159319162368774,,0.015040453523397446,,2.40625
,,,,300,,0.2210015058517456,,0.015923384577035904,,2.27734375
,,,,301,,0.2334061861038208,,0.01685345731675625,,2.40625
,,,,302,,0.24975311756134033,,0.015133984386920929,,2.609375
,,,,303,,0.218961700797081,,0.013883572071790695,,2.27734375
,,,,304,,0.2201557457447052,,0.014833484776318073,,2.28125
,,,,305,,0.23925486207008362,,0.01586618274450302,,2.48046875
,,,,306,,0.22077977657318115,,0.015457509085536003,,2.28125
,,,,307,,0.22503891587257385,,0.016298677772283554,,2.3203125
,,,,308,,0.2276884913444519,,0.015530291944742203,,2.35546875
,,,,309,,0.23048624396324158,,0.015154208987951279,,2.390625
,,,,310,,0.2102644145488739,,0.015928475186228752,,2.16015625
,,,,311,,0.22329497337341309,,0.015775445848703384,,2.3046875
,,,,312,,0.23827296495437622,,0.01488429494202137,,2.48046875
,,,,313,,0.1986156702041626,,0.014533637091517448,,2.04296875
,,,,314,,0.23330245912075043,,0.014796597883105278,,2.4296875
,,,,315,,0.23493632674217224,,0.014965634793043137,,2.4453125
,,,,316,,0.24921953678131104,,0.01484454795718193,,2.60546875
,,,,317,,0.16484826803207397,,0.015678351745009422,,1.65625
5,,,,2825,0.2292131930589676,,0.015265878289937973,,2.376965284347534,
6,0.16830557584762573,0.019135646522045135,1.65625,2849,,,,,,
6,0.16107574105262756,0.018741756677627563,1.580078125,2899,,,,,,
6,0.16577377915382385,0.018556971102952957,1.634765625,2949,,,,,,
6,0.16246141493320465,0.0176860261708498,1.607421875,2999,,,,,,
6,0.1582745760679245,0.017161285504698753,1.568359375,3049,,,,,,
6,0.15661132335662842,0.016962867230176926,1.55078125,3099,,,,,,
6,0.15629899501800537,0.01616227626800537,1.55859375,3149,,,,,,
6,0.15931227803230286,0.016978291794657707,1.58203125,3199,,,,,,
6,0.15561386942863464,0.018162710592150688,1.52734375,3249,,,,,,
,,,,318,,0.22600403428077698,,0.013845846056938171,,2.35546875
,,,,319,,0.20617850124835968,,0.013795691542327404,,2.138671875
,,,,320,,0.21219035983085632,,0.013215750455856323,,2.2109375
,,,,321,,0.21461693942546844,,0.013933338224887848,,2.23046875
,,,,322,,0.2225370854139328,,0.013064430095255375,,2.32421875
,,,,323,,0.22562111914157867,,0.013951202854514122,,2.3515625
,,,,324,,0.20059069991111755,,0.014067260548472404,,2.0703125
,,,,325,,0.21736842393875122,,0.013999279588460922,,2.26171875
,,,,326,,0.2328813374042511,,0.012666487134993076,,2.4453125
,,,,327,,0.2202339470386505,,0.014423388987779617,,2.287109375
,,,,328,,0.20823700726032257,,0.013412777334451675,,2.16015625
,,,,329,,0.21335354447364807,,0.0143789267167449,,2.2109375
,,,,330,,0.2235470414161682,,0.013341973535716534,,2.3359375
,,,,331,,0.21201440691947937,,0.013039794750511646,,2.2109375
,,,,332,,0.22242119908332825,,0.014169248752295971,,2.31640625
,,,,333,,0.21430017054080963,,0.014104858972132206,,2.2265625
,,,,334,,0.20393149554729462,,0.013501811772584915,,2.1171875
,,,,335,,0.21288304030895233,,0.01342014130204916,,2.21484375
,,,,336,,0.2070285677909851,,0.014401613734662533,,2.142578125
,,,,337,,0.23034338653087616,,0.014767217449843884,,2.39453125
,,,,338,,0.23553085327148438,,0.014583593234419823,,2.453125
,,,,339,,0.22099119424819946,,0.013471666723489761,,2.3046875
,,,,340,,0.2058093398809433,,0.014403088018298149,,2.125
,,,,341,,0.22430449724197388,,0.013611125759780407,,2.33984375
,,,,342,,0.21756064891815186,,0.013459086418151855,,2.265625
,,,,343,,0.20589038729667664,,0.014728271402418613,,2.123046875
,,,,344,,0.21463420987129211,,0.014194762334227562,,2.2265625
,,,,345,,0.21761268377304077,,0.014487680047750473,,2.2578125
,,,,346,,0.2147866189479828,,0.01337059959769249,,2.240234375
,,,,347,,0.21522200107574463,,0.013805978000164032,,2.23828125
,,,,348,,0.22421447932720184,,0.013765259645879269,,2.33984375
,,,,349,,0.23677976429462433,,0.013635218143463135,,2.48046875
,,,,350,,0.21489456295967102,,0.013722684234380722,,2.234375
,,,,351,,0.25502899289131165,,0.014550499618053436,,2.671875
,,,,352,,0.21831358969211578,,0.013723740354180336,,2.2734375
,,,,353,,0.22191283106803894,,0.014149145223200321,,2.3046875
,,,,354,,0.21393966674804688,,0.015453347936272621,,2.20703125
,,,,355,,0.22338730096817017,,0.013914642855525017,,2.328125
,,,,356,,0.20688898861408234,,0.012797188945114613,,2.15625
,,,,357,,0.20193791389465332,,0.013949645683169365,,2.0859375
,,,,358,,0.22851696610450745,,0.014161492697894573,,2.3828125
,,,,359,,0.20706042647361755,,0.014189336448907852,,2.14453125
,,,,360,,0.2107086032629013,,0.014907827600836754,,2.17578125
,,,,361,,0.21816840767860413,,0.013822700828313828,,2.2734375
,,,,362,,0.21259617805480957,,0.014109842479228973,,2.20703125
,,,,363,,0.19919775426387787,,0.014627434313297272,,2.05078125
,,,,364,,0.2097262442111969,,0.01441374234855175,,2.169921875
,,,,365,,0.22518907487392426,,0.013519151136279106,,2.3515625
,,,,366,,0.19909752905368805,,0.01306237280368805,,2.06640625
,,,,367,,0.2171928733587265,,0.013335450552403927,,2.265625
,,,,368,,0.2187124788761139,,0.01387849636375904,,2.275390625
,,,,369,,0.2250860035419464,,0.013904367573559284,,2.34765625
,,,,370,,0.16147416830062866,,0.014501499012112617,,1.630859375
6,,,,3296,0.2166137397289276,,0.013912673108279705,,2.25213360786438,
7,0.1540766954421997,0.01760208047926426,1.51953125,3299,,,,,,
7,0.15136805176734924,0.015137585811316967,1.513671875,3349,,,,,,
7,0.15499243140220642,0.016808833926916122,1.537109375,3399,,,,,,
7,0.1595633327960968,0.015520361252129078,1.599609375,3449,,,,,,
7,0.14313241839408875,0.015446878969669342,1.41796875,3499,,,,,,
7,0.14576810598373413,0.01600736752152443,1.44140625,3549,,,,,,
7,0.15209858119487762,0.014159130863845348,1.53125,3599,,,,,,
7,0.1423187553882599,0.01414492353796959,1.423828125,3649,,,,,,
7,0.14675100147724152,0.015159202739596367,1.4609375,3699,,,,,,
7,0.1437077671289444,0.014679440297186375,1.43359375,3749,,,,,,
,,,,371,,0.2289084792137146,,0.012111606076359749,,2.41015625
,,,,372,,0.2023943066596985,,0.011964608915150166,,2.1171875
,,,,373,,0.21076643466949463,,0.011547680012881756,,2.21484375
,,,,374,,0.21331548690795898,,0.011655330657958984,,2.240234375
,,,,375,,0.21352417767047882,,0.011131607927381992,,2.25
,,,,376,,0.22324176132678986,,0.012060120701789856,,2.34765625
,,,,377,,0.19763155281543732,,0.011596398428082466,,2.068359375
,,,,378,,0.2101241946220398,,0.012126140296459198,,2.203125
,,,,379,,0.2204659879207611,,0.01050505694001913,,2.33203125
,,,,380,,0.21807090938091278,,0.01226036250591278,,2.287109375
,,,,381,,0.21343892812728882,,0.011534624733030796,,2.2421875
,,,,382,,0.21432183682918549,,0.012173391878604889,,2.24609375
,,,,383,,0.19977547228336334,,0.011543051339685917,,2.08984375
,,,,384,,0.21758896112442017,,0.011045990511775017,,2.29296875
,,,,385,,0.22348085045814514,,0.011810938827693462,,2.353515625
,,,,386,,0.21158811450004578,,0.011881076730787754,,2.21875
,,,,387,,0.20877239108085632,,0.0115067632868886,,2.19140625
,,,,388,,0.20745043456554413,,0.011649654246866703,,2.17578125
,,,,389,,0.23419703543186188,,0.01202907133847475,,2.46875
,,,,390,,0.21648186445236206,,0.012624439783394337,,2.265625
,,,,391,,0.21262864768505096,,0.012433335185050964,,2.2265625
,,,,392,,0.2185782641172409,,0.011058738455176353,,2.3046875
,,,,393,,0.19311147928237915,,0.012447403743863106,,2.009765625
,,,,394,,0.22331547737121582,,0.011645564809441566,,2.3515625
,,,,395,,0.21511399745941162,,0.011256593279540539,,2.265625
,,,,396,,0.2161853015422821,,0.012327889911830425,,2.265625
,,,,397,,0.22213031351566315,,0.01241350919008255,,2.330078125
,,,,398,,0.19334623217582703,,0.012193883769214153,,2.013671875
,,,,399,,0.22015166282653809,,0.011411420069634914,,2.3203125
,,,,400,,0.21528564393520355,,0.011672355234622955,,2.265625
,,,,401,,0.2261981964111328,,0.011598601005971432,,2.38671875
,,,,402,,0.2126520574092865,,0.011480162851512432,,2.234375
,,,,403,,0.21318624913692474,,0.011770235374569893,,2.23828125
,,,,404,,0.22207391262054443,,0.012357121333479881,,2.33203125
,,,,405,,0.21537652611732483,,0.011763256043195724,,2.26171875
,,,,406,,0.22270819544792175,,0.01201483141630888,,2.33984375
,,,,407,,0.21907594799995422,,0.013021271675825119,,2.2890625
,,,,408,,0.2304585576057434,,0.011952697299420834,,2.42578125
,,,,409,,0.2192976176738739,,0.010801532305777073,,2.31640625
,,,,410,,0.20927664637565613,,0.011766882613301277,,2.1953125
,,,,411,,0.21137408912181854,,0.011911194771528244,,2.216796875
,,,,412,,0.20413802564144135,,0.011999357491731644,,2.134765625
,,,,413,,0.2007962465286255,,0.013296253979206085,,2.083984375
,,,,414,,0.20737598836421967,,0.01133106742054224,,2.1796875
,,,,415,,0.2187412530183792,,0.011954144574701786,,2.294921875
,,,,416,,0.1959434449672699,,0.012105552479624748,,2.041015625
,,,,417,,0.20846986770629883,,0.012180805206298828,,2.181640625
,,,,418,,0.21881867945194244,,0.01129915565252304,,2.3046875
,,,,419,,0.20197796821594238,,0.010815865360200405,,2.125
,,,,420,,0.22102981805801392,,0.011313008144497871,,2.328125
,,,,421,,0.20987534523010254,,0.011877305805683136,,2.203125
,,,,422,,0.23320604860782623,,0.01177050732076168,,2.4609375
,,,,423,,0.15875525772571564,,0.012515030801296234,,1.625
7,,,,3767,0.2137354612350464,,0.011813372373580933,,2.243889808654785,
8,0.1338920295238495,0.01389691885560751,1.33203125,3799,,,,,,
8,0.14256584644317627,0.013781674206256866,1.431640625,3849,,,,,,
8,0.14879649877548218,0.0147633021697402,1.48828125,3899,,,,,,
8,0.14414581656455994,0.01499543059617281,1.435546875,3949,,,,,,
8,0.1410267949104309,0.014317799359560013,1.40625,3999,,,,,,
8,0.1458660066127777,0.013297652825713158,1.474609375,4049,,,,,,
8,0.1323527693748474,0.01296799536794424,1.326171875,4099,,,,,,
8,0.13827133178710938,0.01290510967373848,1.392578125,4149,,,,,,
8,0.1421966850757599,0.01304628700017929,1.4375,4199,,,,,,
,,,,424,,0.2097024768590927,,0.010727867484092712,,2.2109375
,,,,425,,0.1799001544713974,,0.009734146296977997,,1.890625
,,,,426,,0.19623009860515594,,0.009950803592801094,,2.068359375
,,,,427,,0.19506007432937622,,0.010245620273053646,,2.0546875
,,,,428,,0.19473451375961304,,0.009431771002709866,,2.05859375
,,,,429,,0.19261837005615234,,0.010245321318507195,,2.02734375
,,,,430,,0.18680092692375183,,0.009798983111977577,,1.96484375
,,,,431,,0.20300430059432983,,0.010621489025652409,,2.13671875
,,,,432,,0.19255805015563965,,0.009208432398736477,,2.0390625
,,,,433,,0.20359081029891968,,0.01023144368082285,,2.1484375
,,,,434,,0.20365947484970093,,0.009811822324991226,,2.15234375
,,,,435,,0.18447747826576233,,0.010405207052826881,,1.93359375
,,,,436,,0.17781858146190643,,0.009605694562196732,,1.869140625
,,,,437,,0.18205881118774414,,0.009451379999518394,,1.91796875
,,,,438,,0.20065194368362427,,0.010222265496850014,,2.11328125
,,,,439,,0.18995387852191925,,0.010266374796628952,,1.99609375
,,,,440,,0.18731680512428284,,0.009826567955315113,,1.97265625
,,,,441,,0.1872492879629135,,0.01024733204394579,,1.96875
,,,,442,,0.1953342854976654,,0.010275688953697681,,2.05859375
,,,,443,,0.20930589735507965,,0.01081957295536995,,2.203125
,,,,444,,0.20153144001960754,,0.010857615619897842,,2.12109375
,,,,445,,0.1870543211698532,,0.00980822928249836,,1.97265625
,,,,446,,0.18534082174301147,,0.010536134243011475,,1.94140625
,,,,447,,0.19347184896469116,,0.010366394184529781,,2.03515625
,,,,448,,0.18910303711891174,,0.009903820231556892,,1.990234375
,,,,449,,0.18654045462608337,,0.010270927101373672,,1.95703125
,,,,450,,0.2003760039806366,,0.010434604249894619,,2.111328125
,,,,451,,0.19468481838703156,,0.010358646512031555,,2.048828125
,,,,452,,0.1865805685520172,,0.009578615427017212,,1.96875
,,,,453,,0.18574418127536774,,0.010207069106400013,,1.951171875
,,,,454,,0.1960686445236206,,0.010033478029072285,,2.068359375
,,,,455,,0.19643963873386383,,0.009916205890476704,,2.0703125
,,,,456,,0.20119298994541168,,0.010275029577314854,,2.125
,,,,457,,0.20576211810112,,0.010449623689055443,,2.169921875
,,,,458,,0.19656959176063538,,0.009802010841667652,,2.078125
,,,,459,,0.2042720913887024,,0.009936143644154072,,2.16015625
,,,,460,,0.19060230255126953,,0.011403088457882404,,1.9921875
,,,,461,,0.2032037079334259,,0.010332606732845306,,2.142578125
,,,,462,,0.18828262388706207,,0.009571692906320095,,1.984375
,,,,463,,0.1897362470626831,,0.010048754513263702,,1.99609375
,,,,464,,0.20312611758708954,,0.010499159805476665,,2.138671875
,,,,465,,0.1806572824716568,,0.0104912668466568,,1.888671875
,,,,466,,0.19683164358139038,,0.01177303958684206,,2.0546875
,,,,467,,0.20060068368911743,,0.009682717733085155,,2.12109375
,,,,468,,0.20551641285419464,,0.010203917510807514,,2.171875
,,,,469,,0.1828552484512329,,0.010247821919620037,,1.91796875
,,,,470,,0.1916309893131256,,0.010478649288415909,,2.01171875
,,,,471,,0.19604147970676422,,0.0097621725872159,,2.068359375
,,,,472,,0.1851680874824524,,0.009386824443936348,,1.94921875
,,,,473,,0.20090603828430176,,0.009988071396946907,,2.12109375
,,,,474,,0.19934490323066711,,0.010380043648183346,,2.1015625
,,,,475,,0.20349816977977753,,0.01013880129903555,,2.1484375
,,,,476,,0.14071260392665863,,0.011440139263868332,,1.4375
8,,,,4238,0.19381460547447205,,0.010168984532356262,,2.040555238723755,
9,0.13338296115398407,0.013021633960306644,1.337890625,4249,,,,,,
9,0.13394610583782196,0.011875788681209087,1.35546875,4299,,,,,,
9,0.13426852226257324,0.012198224663734436,1.35546875,4349,,,,,,
9,0.13511249423027039,0.012920108623802662,1.357421875,4399,,,,,,
9,0.1369553655385971,0.013054000213742256,1.375,4449,,,,,,
9,0.13405972719192505,0.013698389753699303,1.337890625,4499,,,,,,
9,0.12790635228157043,0.012794042937457561,1.279296875,4549,,,,,,
9,0.1335681676864624,0.012962691485881805,1.33984375,4599,,,,,,
9,0.1313098669052124,0.013267867267131805,1.310546875,4649,,,,,,
9,0.12512485682964325,0.012331883423030376,1.25390625,4699,,,,,,
,,,,477,,0.20975905656814575,,0.010784441605210304,,2.212890625
,,,,478,,0.18988604843616486,,0.009710267186164856,,2.00390625
,,,,479,,0.18042074143886566,,0.01001058705151081,,1.892578125
,,,,480,,0.18996453285217285,,0.01027702260762453,,1.99609375
,,,,481,,0.18691414594650269,,0.009668043814599514,,1.96875
,,,,482,,0.19910717010498047,,0.010142328217625618,,2.09765625
,,,,483,,0.18144607543945312,,0.009815213270485401,,1.90625
,,,,484,,0.1769079566001892,,0.010648195631802082,,1.84765625
,,,,485,,0.1895119994878769,,0.009336210787296295,,2.001953125
,,,,486,,0.20146913826465607,,0.010307036340236664,,2.123046875
,,,,487,,0.18167153000831604,,0.00979653000831604,,1.908203125
,,,,488,,0.18876142799854279,,0.01029463205486536,,1.98046875
,,,,489,,0.18119022250175476,,0.009559347294270992,,1.90625
,,,,490,,0.18637074530124664,,0.009612934663891792,,1.962890625
,,,,491,,0.20275522768497467,,0.010128278285264969,,2.140625
,,,,492,,0.1987040638923645,,0.010227506048977375,,2.09375
,,,,493,,0.19451530277729034,,0.009944988414645195,,2.05078125
,,,,494,,0.18689556419849396,,0.010381902568042278,,1.958984375
,,,,495,,0.1844000369310379,,0.010816048830747604,,1.9296875
,,,,496,,0.20060814917087555,,0.010666746646165848,,2.109375
,,,,497,,0.19151365756988525,,0.010849598795175552,,2.0078125
,,,,498,,0.17817270755767822,,0.00947154127061367,,1.875
,,,,499,,0.1786920577287674,,0.010723304003477097,,1.8671875
,,,,500,,0.192204549908638,,0.010075636208057404,,2.0234375
,,,,501,,0.19506996870040894,,0.009767238050699234,,2.05859375
,,,,502,,0.1693538874387741,,0.010174202732741833,,1.76953125
,,,,503,,0.1818743646144867,,0.01024350430816412,,1.908203125
,,,,504,,0.18321070075035095,,0.010359140112996101,,1.919921875
,,,,505,,0.18585211038589478,,0.0093384375795722,,1.9609375
,,,,506,,0.1815451681613922,,0.010158434510231018,,1.904296875
,,,,507,,0.19268816709518433,,0.01031511276960373,,2.02734375
,,,,508,,0.20281629264354706,,0.009701048955321312,,2.14453125
,,,,509,,0.19284126162528992,,0.01022406481206417,,2.02734375
,,,,510,,0.19918586313724518,,0.010709294117987156,,2.095703125
,,,,511,,0.18650859594345093,,0.009994917549192905,,1.958984375
,,,,512,,0.20010805130004883,,0.009922512806952,,2.11328125
,,,,513,,0.18011923134326935,,0.011173926293849945,,1.876953125
,,,,514,,0.19692003726959229,,0.010396594181656837,,2.072265625
,,,,515,,0.18303440511226654,,0.00945042073726654,,1.9296875
,,,,516,,0.19026614725589752,,0.010090366005897522,,2.001953125
,,,,517,,0.2004336267709732,,0.010248076170682907,,2.11328125
,,,,518,,0.1863819807767868,,0.010356594808399677,,1.955078125
,,,,519,,0.182454913854599,,0.011556483805179596,,1.896484375
,,,,520,,0.20269857347011566,,0.009827477857470512,,2.140625
,,,,521,,0.1965348720550537,,0.010011425241827965,,2.072265625
,,,,522,,0.18584920465946198,,0.010556234046816826,,1.947265625
,,,,523,,0.18436990678310394,,0.010785918682813644,,1.9296875
,,,,524,,0.1863466501235962,,0.010077129118144512,,1.958984375
,,,,525,,0.18812549114227295,,0.009414550848305225,,1.98828125
,,,,526,,0.2006598860025406,,0.009741908870637417,,2.123046875
,,,,527,,0.17615608870983124,,0.010384595021605492,,1.841796875
,,,,528,,0.18646204471588135,,0.010192515328526497,,1.955078125
,,,,529,,0.14454790949821472,,0.011247131042182446,,1.48046875
9,,,,4709,0.1890563815832138,,0.010170665569603443,,1.9873614311218262,
10,0.13032151758670807,0.012157455086708069,1.3125,4749,,,,,,
10,0.12813979387283325,0.011928864754736423,1.291015625,4799,,,,,,
10,0.12712205946445465,0.012498029507696629,1.2734375,4849,,,,,,
10,0.12372473627328873,0.011908324435353279,1.2421875,4899,,,,,,
10,0.1264750212430954,0.01099650003015995,1.283203125,4949,,,,,,
10,0.13015975058078766,0.011141187511384487,1.322265625,4999,,,,,,
10,0.12584666907787323,0.011100564152002335,1.2734375,5049,,,,,,
10,0.12621361017227173,0.01097922958433628,1.279296875,5099,,,,,,
10,0.12452005594968796,0.010628458112478256,1.265625,5149,,,,,,
,,,,530,,0.1885821372270584,,0.009871200658380985,,1.986328125
,,,,531,,0.171059712767601,,0.008950341492891312,,1.80078125
,,,,532,,0.1689451038837433,,0.009033002890646458,,1.77734375
,,,,533,,0.1693602204322815,,0.008959833532571793,,1.779296875
,,,,534,,0.17860008776187897,,0.008678218349814415,,1.88671875
,,,,535,,0.1798851191997528,,0.00898668635636568,,1.8984375
,,,,536,,0.1601288914680481,,0.008761696517467499,,1.68359375
,,,,537,,0.18213053047657013,,0.00976724922657013,,1.916015625
,,,,538,,0.18212231993675232,,0.00829419493675232,,1.9296875
,,,,539,,0.18266719579696655,,0.00908320490270853,,1.927734375
,,,,540,,0.18153008818626404,,0.008678523823618889,,1.919921875
,,,,541,,0.17513521015644073,,0.009119594469666481,,1.84375
,,,,542,,0.1701633632183075,,0.008542263880372047,,1.794921875
,,,,543,,0.17253339290618896,,0.008470902219414711,,1.82421875
,,,,544,,0.1873059868812561,,0.008839198388159275,,1.978515625
,,,,545,,0.19336843490600586,,0.008798105642199516,,2.05078125
,,,,546,,0.18343189358711243,,0.009115482680499554,,1.935546875
,,,,547,,0.17156481742858887,,0.009455443359911442,,1.802734375
,,,,548,,0.1776462197303772,,0.009189199656248093,,1.873046875
,,,,549,,0.18557682633399963,,0.00930729415267706,,1.95703125
,,,,550,,0.18701530992984772,,0.009769213385879993,,1.96875
,,,,551,,0.17828510701656342,,0.008607374504208565,,1.884765625
,,,,552,,0.16791442036628723,,0.00971129909157753,,1.755859375
,,,,553,,0.1859484612941742,,0.008946503512561321,,1.962890625
,,,,554,,0.17738325893878937,,0.008682089857757092,,1.876953125
,,,,555,,0.1755155622959137,,0.00901165883988142,,1.849609375
,,,,556,,0.17308397591114044,,0.009021470323204994,,1.822265625
,,,,557,,0.17411741614341736,,0.009078361093997955,,1.833984375
,,,,558,,0.1754416972398758,,0.008449509739875793,,1.857421875
,,,,559,,0.17336004972457886,,0.008809278719127178,,1.828125
,,,,560,,0.17940357327461243,,0.009237552992999554,,1.890625
,,,,561,,0.1739494353532791,,0.00866623129695654,,1.833984375
,,,,562,,0.17439180612564087,,0.009108614176511765,,1.837890625
,,,,563,,0.18015572428703308,,0.009745560586452484,,1.890625
,,,,564,,0.182640939950943,,0.00881282426416874,,1.93359375
,,,,565,,0.1864968240261078,,0.008518320508301258,,1.9765625
,,,,566,,0.17065055668354034,,0.009761880151927471,,1.787109375
,,,,567,,0.1878926008939743,,0.009181659668684006,,1.982421875
,,,,568,,0.17364996671676636,,0.008610905148088932,,1.833984375
,,,,569,,0.1634071171283722,,0.008866113610565662,,1.71875
,,,,570,,0.17678242921829224,,0.00930196326225996,,1.86328125
,,,,571,,0.16750158369541168,,0.009298453107476234,,1.759765625
,,,,572,,0.16804242134094238,,0.01008343230932951,,1.751953125
,,,,573,,0.18842177093029022,,0.008490128442645073,,2.0
,,,,574,,0.17583750188350677,,0.009089460596442223,,1.853515625
,,,,575,,0.16180512309074402,,0.009217225946485996,,1.6953125
,,,,576,,0.17499229311943054,,0.00946494098752737,,1.837890625
,,,,577,,0.18463721871376038,,0.008611822500824928,,1.955078125
,,,,578,,0.1601502001285553,,0.008294736966490746,,1.689453125
,,,,579,,0.1938723772764206,,0.008813781663775444,,2.056640625
,,,,580,,0.17436948418617249,,0.009086278267204762,,1.8359375
,,,,581,,0.18770939111709595,,0.008998461067676544,,1.984375
,,,,582,,0.14040547609329224,,0.010034372098743916,,1.44921875
10,,,,5180,0.17694514989852905,,0.009032144211232662,,1.8653886318206787,
11,0.12610569596290588,0.011725818738341331,1.271484375,5199,,,,,,
11,0.11992286145687103,0.011646492406725883,1.203125,5249,,,,,,
11,0.12824517488479614,0.01240045577287674,1.287109375,5299,,,,,,
11,0.12422744929790497,0.010457915253937244,1.263671875,5349,,,,,,
11,0.1199617013335228,0.01070877443999052,1.212890625,5399,,,,,,
11,0.11467303335666656,0.010791203007102013,1.154296875,5449,,,,,,
11,0.11750892549753189,0.010453259572386742,1.189453125,5499,,,,,,
11,0.12533673644065857,0.010468564927577972,1.27734375,5549,,,,,,
11,0.12259376049041748,0.01016700267791748,1.248046875,5599,,,,,,
11,0.11519859731197357,0.010340199805796146,1.166015625,5649,,,,,,
,,,,583,,0.19003571569919586,,0.009371647611260414,,2.0078125
,,,,584,,0.16450053453445435,,0.008738821372389793,,1.73046875
,,,,585,,0.1810550093650818,,0.008203445002436638,,1.919921875
,,,,586,,0.16801682114601135,,0.00859298650175333,,1.76953125
,,,,587,,0.18350979685783386,,0.008705101907253265,,1.943359375
,,,,588,,0.18060432374477386,,0.008485188707709312,,1.912109375
,,,,589,,0.17402823269367218,,0.008256752043962479,,1.84375
,,,,590,,0.17072370648384094,,0.009102622047066689,,1.796875
,,,,591,,0.17195197939872742,,0.007889474742114544,,1.8203125
,,,,592,,0.1753053218126297,,0.008557267487049103,,1.853515625
,,,,593,,0.18017536401748657,,0.008056225255131721,,1.912109375
,,,,594,,0.1728723794221878,,0.008809885010123253,,1.822265625
,,,,595,,0.17293892800807953,,0.00814400427043438,,1.83203125
,,,,596,,0.17127053439617157,,0.008184593170881271,,1.8125
,,,,597,,0.18228285014629364,,0.008454719558358192,,1.931640625
,,,,598,,0.17670656740665436,,0.008493682369589806,,1.869140625
,,,,599,,0.17853865027427673,,0.008860909380018711,,1.884765625
,,,,600,,0.17177066206932068,,0.008928854949772358,,1.806640625
,,,,601,,0.17132900655269623,,0.00873134657740593,,1.806640625
,,,,602,,0.17684496939182281,,0.008876221254467964,,1.865234375
,,,,603,,0.1708717942237854,,0.009250694885849953,,1.796875
,,,,604,,0.17332153022289276,,0.008038336411118507,,1.8359375
,,,,605,,0.16097070276737213,,0.00911523588001728,,1.689453125
,,,,606,,0.18132871389389038,,0.008477152325212955,,1.921875
,,,,607,,0.18151962757110596,,0.008179781958460808,,1.927734375
,,,,608,,0.16914737224578857,,0.008746976964175701,,1.78515625
,,,,609,,0.17455679178237915,,0.008541176095604897,,1.841796875
,,,,610,,0.18188372254371643,,0.008543869480490685,,1.92578125
,,,,611,,0.1769445836544037,,0.007999256253242493,,1.876953125
,,,,612,,0.17464151978492737,,0.008870037272572517,,1.841796875
,,,,613,,0.17747214436531067,,0.008770981803536415,,1.875
,,,,614,,0.17287926375865936,,0.008328494615852833,,1.830078125
,,,,615,,0.17443132400512695,,0.008659850805997849,,1.841796875
,,,,616,,0.179255872964859,,0.009578129276633263,,1.884765625
,,,,617,,0.19335852563381195,,0.008299944922327995,,2.0546875
,,,,618,,0.17716379463672638,,0.008462619036436081,,1.87109375
,,,,619,,0.17051996290683746,,0.009387156926095486,,1.79296875
,,,,620,,0.17441204190254211,,0.009372992441058159,,1.833984375
,,,,621,,0.17391447722911835,,0.008142991922795773,,1.841796875
,,,,622,,0.1721959263086319,,0.009109987877309322,,1.810546875
,,,,623,,0.17664894461631775,,0.009168462827801704,,1.859375
,,,,624,,0.17319010198116302,,0.009371744468808174,,1.818359375
,,,,625,,0.1743982881307602,,0.010091645643115044,,1.826171875
,,,,626,,0.18431159853935242,,0.008286205120384693,,1.955078125
,,,,627,,0.18002279102802277,,0.008880221284925938,,1.8984375
,,,,628,,0.16058212518692017,,0.008970800787210464,,1.68359375
,,,,629,,0.17798921465873718,,0.009043904021382332,,1.875
,,,,630,,0.17754215002059937,,0.008352688513696194,,1.87890625
,,,,631,,0.17063988745212555,,0.007798101287335157,,1.810546875
,,,,632,,0.18639503419399261,,0.008416508324444294,,1.9765625
,,,,633,,0.17713336646556854,,0.008432206697762012,,1.873046875
,,,,634,,0.19135642051696777,,0.008739239536225796,,2.029296875
,,,,635,,0.13949617743492126,,0.010345782153308392,,1.435546875
11,,,,5651,0.1757722645998001,,0.008684080094099045,,1.8562995195388794,
12,0.1209125816822052,0.010805154219269753,1.22265625,5699,,,,,,
12,0.11932685971260071,0.010073920711874962,1.212890625,5749,,,,,,
12,0.11730791628360748,0.009886039420962334,1.193359375,5799,,,,,,
12,0.12103977054357529,0.010199923999607563,1.23046875,5849,,,,,,
12,0.12075604498386383,0.011014829389750957,1.21875,5899,,,,,,
12,0.11561407148838043,0.010145316831767559,1.171875,5949,,,,,,
12,0.1152382344007492,0.009647422470152378,1.173828125,5999,,,,,,
12,0.11207270622253418,0.010266072116792202,1.130859375,6049,,,,,,
12,0.11365758627653122,0.010264032520353794,1.1484375,6099,,,,,,
,,,,636,,0.17772814631462097,,0.008538680151104927,,1.880859375
,,,,637,,0.17555613815784454,,0.008075665682554245,,1.859375
,,,,638,,0.17083142697811127,,0.007745485752820969,,1.8125
,,,,639,,0.1734892576932907,,0.00796191394329071,,1.83984375
,,,,640,,0.16967764496803284,,0.007812417112290859,,1.798828125
,,,,641,,0.17204031348228455,,0.007733684033155441,,1.826171875
,,,,642,,0.1652647703886032,,0.007549932226538658,,1.75390625
,,,,643,,0.16158334910869598,,0.008263036608695984,,1.705078125
,,,,644,,0.1777597963809967,,0.007349628023803234,,1.89453125
,,,,645,,0.16874875128269196,,0.007860077545046806,,1.7890625
,,,,646,,0.16232874989509583,,0.007543597370386124,,1.71875
,,,,647,,0.15901003777980804,,0.008131138049066067,,1.67578125
,,,,648,,0.16316933929920197,,0.0076517583802342415,,1.73046875
,,,,649,,0.15424475073814392,,0.007516234647482634,,1.626953125
,,,,650,,0.18614453077316284,,0.007921860553324223,,1.978515625
,,,,651,,0.17246747016906738,,0.007672562729567289,,1.830078125
,,,,652,,0.1700267493724823,,0.008161516860127449,,1.796875
,,,,653,,0.155918687582016,,0.007969468832015991,,1.64453125
,,,,654,,0.1781967133283615,,0.007786559872329235,,1.892578125
,,,,655,,0.17270973324775696,,0.00815894827246666,,1.828125
,,,,656,,0.17680105566978455,,0.008344016969203949,,1.869140625
,,,,657,,0.15961071848869324,,0.007511104457080364,,1.6875
,,,,658,,0.17208071053028107,,0.00801820121705532,,1.822265625
,,,,659,,0.1663546860218048,,0.007663284428417683,,1.76171875
,,,,660,,0.1686834990978241,,0.007550687063485384,,1.7890625
,,,,661,,0.16434606909751892,,0.007851923815906048,,1.73828125
,,,,662,,0.16769802570343018,,0.007785905618220568,,1.77734375
,,,,663,,0.16747698187828064,,0.008053159341216087,,1.771484375
,,,,664,,0.1684623658657074,,0.007329560350626707,,1.791015625
,,,,665,,0.16300639510154724,,0.007977090775966644,,1.724609375
,,,,666,,0.16729260981082916,,0.008357064798474312,,1.767578125
,,,,667,,0.16920745372772217,,0.0075863501988351345,,1.796875
,,,,668,,0.1709253042936325,,0.007839372381567955,,1.814453125
,,,,669,,0.1843937337398529,,0.008612476289272308,,1.953125
,,,,670,,0.17142228782176971,,0.0076039377599954605,,1.818359375
,,,,671,,0.16728736460208893,,0.007619387004524469,,1.775390625
,,,,672,,0.16464178264141083,,0.008635912090539932,,1.73046875
,,,,673,,0.18428370356559753,,0.008258288726210594,,1.95703125
,,,,674,,0.16008785367012024,,0.007499960716813803,,1.6953125
,,,,675,,0.16367536783218384,,0.007913636974990368,,1.728515625
,,,,676,,0.18146248161792755,,0.008366788737475872,,1.923828125
,,,,677,,0.15526986122131348,,0.008541351184248924,,1.630859375
,,,,678,,0.1589653193950653,,0.009062974713742733,,1.666015625
,,,,679,,0.17640018463134766,,0.007699020206928253,,1.875
,,,,680,,0.16686365008354187,,0.00792811531573534,,1.765625
,,,,681,,0.152561753988266,,0.008030503988265991,,1.607421875
,,,,682,,0.16717882454395294,,0.008243278600275517,,1.767578125
,,,,683,,0.1805342137813568,,0.007682638242840767,,1.919921875
,,,,684,,0.16233694553375244,,0.007063508033752441,,1.724609375
,,,,685,,0.17864419519901276,,0.007989899255335331,,1.896484375
,,,,686,,0.1709822565317154,,0.007896319963037968,,1.810546875
,,,,687,,0.17441929876804352,,0.007915392518043518,,1.849609375
,,,,688,,0.13829690217971802,,0.009024428203701973,,1.435546875
12,,,,6122,0.1687958836555481,,0.007928797975182533,,1.7873352766036987,
13,0.11366783827543259,0.010274285450577736,1.1484375,6149,,,,,,
13,0.1180158481001854,0.009495342150330544,1.205078125,6199,,,,,,
13,0.11753325164318085,0.010355513542890549,1.19140625,6249,,,,,,
13,0.11053839325904846,0.00922003760933876,1.126953125,6299,,,,,,
13,0.11563154309988022,0.00930829904973507,1.181640625,6349,,,,,,
13,0.11280486732721329,0.009289243258535862,1.150390625,6399,,,,,,
13,0.11556503176689148,0.009607999585568905,1.177734375,6449,,,,,,
13,0.11100263893604279,0.009318065829575062,1.12890625,6499,,,,,,
13,0.11148840934038162,0.009925907477736473,1.12890625,6549,,,,,,
,,,,689,,0.17984254658222198,,0.008455831557512283,,1.90625
,,,,690,,0.1595533788204193,,0.0074537694454193115,,1.69140625
,,,,691,,0.17015700042247772,,0.0070710694417357445,,1.8125
,,,,692,,0.17176255583763123,,0.007455914281308651,,1.826171875
,,,,693,,0.16821511089801788,,0.007570577785372734,,1.787109375
,,,,694,,0.16452258825302124,,0.007296035066246986,,1.744140625
,,,,695,,0.16625972092151642,,0.007080032490193844,,1.76953125
,,,,696,,0.15646570920944214,,0.00802820548415184,,1.646484375
,,,,697,,0.17797359824180603,,0.006831017322838306,,1.90234375
,,,,698,,0.16582494974136353,,0.0076218158937990665,,1.755859375
,,,,699,,0.15834227204322815,,0.006975099910050631,,1.6796875
,,,,700,,0.1595568209886551,,0.007945489138364792,,1.685546875
,,,,701,,0.16655892133712769,,0.007379244081676006,,1.76953125
,,,,702,,0.1625887006521225,,0.007315256632864475,,1.72265625
,,,,703,,0.1777770221233368,,0.007366875186562538,,1.89453125
,,,,704,,0.16908258199691772,,0.0074614789336919785,,1.796875
,,,,705,,0.16365614533424377,,0.007650281302630901,,1.736328125
,,,,706,,0.15830884873867035,,0.007674076594412327,,1.671875
,,,,707,,0.17732766270637512,,0.007649924606084824,,1.884765625
,,,,708,,0.16259479522705078,,0.007809649687260389,,1.71875
,,,,709,,0.1693192720413208,,0.007942314259707928,,1.794921875
,,,,710,,0.16945169866085052,,0.007098186295479536,,1.8046875
,,,,711,,0.1596563756465912,,0.007800908759236336,,1.689453125
,,,,712,,0.15891538560390472,,0.007304061204195023,,1.681640625
,,,,713,,0.16732840240001678,,0.00717216357588768,,1.779296875
,,,,714,,0.1627354770898819,,0.007462046109139919,,1.72265625
,,,,715,,0.1666237711906433,,0.007444076240062714,,1.767578125
,,,,716,,0.17422160506248474,,0.007473567500710487,,1.8515625
,,,,717,,0.16982993483543396,,0.006988133303821087,,1.8125
,,,,718,,0.1673876792192459,,0.007475569378584623,,1.77734375
,,,,719,,0.1737108826637268,,0.007695257663726807,,1.841796875
,,,,720,,0.1658102124929428,,0.007118808571249247,,1.763671875
,,,,721,,0.16656163334846497,,0.007381944917142391,,1.767578125
,,,,722,,0.1786998212337494,,0.008777938783168793,,1.888671875
,,,,723,,0.16531598567962646,,0.007357003167271614,,1.755859375
,,,,724,,0.16686543822288513,,0.00719747319817543,,1.7734375
,,,,725,,0.1673288345336914,,0.008393286727368832,,1.767578125
,,,,726,,0.17136937379837036,,0.007551015354692936,,1.8203125
,,,,727,,0.1675702929496765,,0.007169908843934536,,1.783203125
,,,,728,,0.16076013445854187,,0.007439819630235434,,1.703125
,,,,729,,0.1834269016981125,,0.007645654492080212,,1.953125
,,,,730,,0.16097097098827362,,0.007894801907241344,,1.69921875
,,,,731,,0.1701435148715973,,0.008522417396306992,,1.794921875
,,,,732,,0.16788825392723083,,0.007243730127811432,,1.78515625
,,,,733,,0.16879543662071228,,0.007662623655050993,,1.79296875
,,,,734,,0.15512889623641968,,0.007667952682822943,,1.638671875
,,,,735,,0.1697419285774231,,0.007876676507294178,,1.80078125
,,,,736,,0.17405831813812256,,0.007554399780929089,,1.849609375
,,,,737,,0.15707212686538696,,0.006925629451870918,,1.666015625
,,,,738,,0.18282169103622437,,0.007528721354901791,,1.947265625
,,,,739,,0.16030341386795044,,0.007471390999853611,,1.69921875
,,,,740,,0.17954005300998688,,0.00766504742205143,,1.91015625
,,,,741,,0.1282774806022644,,0.009014789946377277,,1.326171875
13,,,,6593,0.16729356348514557,,0.007550232112407684,,1.774942398071289,
14,0.11301916837692261,0.01084632333368063,1.134765625,6599,,,,,,
14,0.11072355508804321,0.009038985706865788,1.12890625,6649,,,,,,
14,0.10482785105705261,0.008880584500730038,1.06640625,6699,,,,,,
14,0.10726834088563919,0.008513457141816616,1.095703125,6749,,,,,,
14,0.10832953453063965,0.009574655443429947,1.09765625,6799,,,,,,
14,0.10423913598060608,0.008413934148848057,1.064453125,6849,,,,,,
14,0.103512242436409,0.010006382130086422,1.0390625,6899,,,,,,
14,0.10575341433286667,0.010294429957866669,1.060546875,6949,,,,,,
14,0.10990025103092194,0.00833775196224451,1.12890625,6999,,,,,,
14,0.10456961393356323,0.008866488933563232,1.0625,7049,,,,,,
,,,,742,,0.1682521104812622,,0.007363446056842804,,1.7890625
,,,,743,,0.1524069756269455,,0.006655026227235794,,1.62109375
,,,,744,,0.15889517962932587,,0.006551424972712994,,1.6953125
,,,,745,,0.16043132543563843,,0.006866868119686842,,1.70703125
,,,,746,,0.16151276230812073,,0.0067275939509272575,,1.720703125
,,,,747,,0.16214066743850708,,0.006623092573136091,,1.728515625
,,,,748,,0.16530299186706543,,0.0061233085580170155,,1.767578125
,,,,749,,0.14752623438835144,,0.007145382929593325,,1.560546875
,,,,750,,0.15637901425361633,,0.006232542917132378,,1.66796875
,,,,751,,0.15978965163230896,,0.0067134760320186615,,1.701171875
,,,,752,,0.1591809093952179,,0.006593012250959873,,1.69140625
,,,,753,,0.15247339010238647,,0.0067214397713541985,,1.6171875
,,,,754,,0.15679417550563812,,0.00689183734357357,,1.666015625
,,,,755,,0.15192069113254547,,0.006657018791884184,,1.611328125
,,,,756,,0.1670847237110138,,0.006684326101094484,,1.78125
,,,,757,,0.16188663244247437,,0.006613198202103376,,1.7265625
,,,,758,,0.17251203954219818,,0.006984701380133629,,1.837890625
,,,,759,,0.15823422372341156,,0.006867038551717997,,1.68359375
,,,,760,,0.15631073713302612,,0.006652529817074537,,1.66015625
,,,,761,,0.16082395613193512,,0.006771220359951258,,1.712890625
,,,,762,,0.15308251976966858,,0.007086434401571751,,1.626953125
,,,,763,,0.15024961531162262,,0.0064507946372032166,,1.59765625
,,,,764,,0.1598857194185257,,0.007053686771541834,,1.69921875
,,,,765,,0.15540729463100433,,0.00648151058703661,,1.65234375
,,,,766,,0.163533017039299,,0.006550587713718414,,1.744140625
,,,,767,,0.1528090387582779,,0.006812945008277893,,1.62109375
,,,,768,,0.15782132744789124,,0.006698289420455694,,1.677734375
,,,,769,,0.16821832954883575,,0.00659723486751318,,1.794921875
,,,,770,,0.14634904265403748,,0.006212339270859957,,1.556640625
,,,,771,,0.1541217863559723,,0.006905001122504473,,1.634765625
,,,,772,,0.1510816514492035,,0.007038695737719536,,1.6015625
,,,,773,,0.16452370584011078,,0.006320588290691376,,1.7578125
,,,,774,,0.1609114706516266,,0.006858745124191046,,1.71484375
,,,,775,,0.15355940163135529,,0.007319173775613308,,1.625
,,,,776,,0.1732787936925888,,0.006530743092298508,,1.8515625
,,,,777,,0.1537952721118927,,0.006578483153134584,,1.63671875
,,,,778,,0.1588212549686432,,0.0074540674686431885,,1.681640625
,,,,779,,0.16247794032096863,,0.006960350554436445,,1.7265625
,,,,780,,0.1577146351337433,,0.0063474527560174465,,1.68359375
,,,,781,,0.15491318702697754,,0.006963965483009815,,1.64453125
,,,,782,,0.16066814959049225,,0.00710369274020195,,1.70703125
,,,,783,,0.15991221368312836,,0.007080179173499346,,1.6953125
,,,,784,,0.15021958947181702,,0.008129737339913845,,1.578125
,,,,785,,0.16497623920440674,,0.006528978701680899,,1.7578125
,,,,786,,0.16242766380310059,,0.0069100698456168175,,1.728515625
,,,,787,,0.15063872933387756,,0.006839911453425884,,1.59765625
,,,,788,,0.17098607122898102,,0.007167707663029432,,1.8203125
,,,,789,,0.16948600113391876,,0.0068883434869349,,1.8046875
,,,,790,,0.15672525763511658,,0.006090492941439152,,1.671875
,,,,791,,0.16637247800827026,,0.006948648486286402,,1.771484375
,,,,792,,0.1659422516822815,,0.006762569770216942,,1.771484375
,,,,793,,0.16770429909229279,,0.006815627217292786,,1.7890625
,,,,794,,0.12469226121902466,,0.007504755165427923,,1.302734375
14,,,,7064,0.15911445021629333,,0.006792805623263121,,1.6924139261245728,
15,0.10733763873577118,0.008582763373851776,1.09765625,7099,,,,,,
15,0.10211887210607529,0.008735081180930138,1.037109375,7149,,,,,,
15,0.1080084964632988,0.008521187119185925,1.10546875,7199,,,,,,
15,0.10545408725738525,0.008774406276643276,1.07421875,7249,,,,,,
15,0.103249192237854,0.008400555700063705,1.0517578125,7299,,,,,,
15,0.09995315968990326,0.008278362452983856,1.0185546875,7349,,,,,,
15,0.10283578932285309,0.008597512729465961,1.046875,7399,,,,,,
15,0.1017443835735321,0.00836059357970953,1.037109375,7449,,,,,,
15,0.10966687649488449,0.008470586501061916,1.125,7499,,,,,,
,,,,795,,0.1621513068675995,,0.007121994160115719,,1.724609375
,,,,796,,0.1559729427099228,,0.0065588755533099174,,1.66015625
,,,,797,,0.16181783378124237,,0.006300252862274647,,1.728515625
,,,,798,,0.16359418630599976,,0.006611770950257778,,1.744140625
,,,,799,,0.15912693738937378,,0.006783182732760906,,1.69140625
,,,,800,,0.16018441319465637,,0.006375814788043499,,1.708984375
,,,,801,,0.15226173400878906,,0.006021488923579454,,1.626953125
,,,,802,,0.14195984601974487,,0.007072160951793194,,1.5
,,,,803,,0.15467916429042816,,0.0064858002588152885,,1.646484375
,,,,804,,0.1576961725950241,,0.006817262154072523,,1.677734375
,,,,805,,0.1596948802471161,,0.006618702318519354,,1.69921875
,,,,806,,0.1475164294242859,,0.006647299975156784,,1.56640625
,,,,807,,0.15939106047153473,,0.006803168449550867,,1.693359375
,,,,808,,0.16245871782302856,,0.006452877074480057,,1.734375
,,,,809,,0.16024652123451233,,0.006437919568270445,,1.708984375
,,,,810,,0.15777061879634857,,0.006891714408993721,,1.673828125
,,,,811,,0.16005191206932068,,0.006975737400352955,,1.69921875
,,,,812,,0.15141555666923523,,0.006884302012622356,,1.607421875
,,,,813,,0.15836897492408752,,0.006757643073797226,,1.68359375
,,,,814,,0.15667667984962463,,0.00677432119846344,,1.66796875
,,,,815,,0.1537986397743225,,0.006825985386967659,,1.6328125
,,,,816,,0.15957394242286682,,0.006497777532786131,,1.701171875
,,,,817,,0.15536338090896606,,0.006925890222191811,,1.650390625
,,,,818,,0.16212940216064453,,0.006367696449160576,,1.732421875
,,,,819,,0.1586066037416458,,0.006506997626274824,,1.6875
,,,,820,,0.1488674283027649,,0.0065334332175552845,,1.583984375
,,,,821,,0.15434566140174866,,0.006640586536377668,,1.638671875
,,,,822,,0.1608484387397766,,0.006551554426550865,,1.71484375
,,,,823,,0.15846893191337585,,0.006125178653746843,,1.6953125
,,,,824,,0.15590976178646088,,0.006739836651831865,,1.658203125
,,,,825,,0.15321452915668488,,0.006974297575652599,,1.62109375
,,,,826,,0.16258032619953156,,0.0063303192146122456,,1.736328125
,,,,827,,0.16060715913772583,,0.006798573769629002,,1.7109375
,,,,828,,0.16368862986564636,,0.007438636850565672,,1.736328125
,,,,829,,0.15531541407108307,,0.006633775308728218,,1.650390625
,,,,830,,0.15294818580150604,,0.006463812664151192,,1.626953125
,,,,831,,0.1493537425994873,,0.0075080315582454205,,1.57421875
,,,,832,,0.1594647765159607,,0.006876883562654257,,1.6953125
,,,,833,,0.1522257924079895,,0.006229688413441181,,1.623046875
,,,,834,,0.14660611748695374,,0.006713537033647299,,1.556640625
,,,,835,,0.16944168508052826,,0.0070881773717701435,,1.802734375
,,,,836,,0.14730679988861084,,0.007170076947659254,,1.556640625
,,,,837,,0.15317827463150024,,0.007670464459806681,,1.6171875
,,,,838,,0.16252706944942474,,0.006521213334053755,,1.734375
,,,,839,,0.1599932610988617,,0.006917084567248821,,1.69921875
,,,,840,,0.1479508876800537,,0.006837609224021435,,1.56640625
,,,,841,,0.1576632410287857,,0.007028468418866396,,1.673828125
,,,,842,,0.16925109922885895,,0.006653445772826672,,1.8046875
,,,,843,,0.14805276691913605,,0.006084998603910208,,1.578125
,,,,844,,0.16559870541095734,,0.007151437923312187,,1.76171875
,,,,845,,0.16040824353694916,,0.0068437946029007435,,1.705078125
,,,,846,,0.17169174551963806,,0.0066526830196380615,,1.83203125
,,,,847,,0.12135177850723267,,0.0075822509825229645,,1.263671875
15,,,,7535,0.15701866149902344,,0.006731789093464613,,1.6698194742202759,
16,0.10269050300121307,0.007841870188713074,1.052734375,7549,,,,,,
16,0.10514019429683685,0.008582576178014278,1.072265625,7599,,,,,,
16,0.10126988589763641,0.008374380879104137,1.0322265625,7649,,,,,,
16,0.10642100870609283,0.0077882008627057076,1.095703125,7699,,,,,,
16,0.10091784596443176,0.00826648436486721,1.029296875,7749,,,,,,
16,0.09849478304386139,0.007918606512248516,1.0068359375,7799,,,,,,
16,0.10048433393239975,0.007832963950932026,1.0302734375,7849,,,,,,
16,0.10443903505802155,0.00861384253948927,1.064453125,7899,,,,,,
16,0.10139672458171844,0.00911156740039587,1.025390625,7949,,,,,,
16,0.10087273269891739,0.007977227680385113,1.03125,7999,,,,,,
,,,,848,,0.15519455075263977,,0.007001199759542942,,1.650390625
,,,,849,,0.15274211764335632,,0.006257740780711174,,1.626953125
,,,,850,,0.1533706933259964,,0.005909749306738377,,1.63671875
,,,,851,,0.14795707166194916,,0.006355510093271732,,1.576171875
,,,,852,,0.1543630063533783,,0.006413807161152363,,1.646484375
,,,,853,,0.15065105259418488,,0.006119794677942991,,1.603515625
,,,,854,,0.1569172441959381,,0.005794185679405928,,1.677734375
,,,,855,,0.1481803059577942,,0.006822878960520029,,1.572265625
,,,,856,,0.16177329421043396,,0.006011566147208214,,1.728515625
,,,,857,,0.1513889878988266,,0.006369460839778185,,1.611328125
,,,,858,,0.15067875385284424,,0.006147498730570078,,1.607421875
,,,,859,,0.14815104007720947,,0.0063053518533706665,,1.57421875
,,,,860,,0.16034892201423645,,0.006540329661220312,,1.70703125
,,,,861,,0.15576758980751038,,0.006353530567139387,,1.658203125
,,,,862,,0.1708081066608429,,0.006257315166294575,,1.828125
,,,,863,,0.15970298647880554,,0.006382666528224945,,1.703125
,,,,864,,0.1551753431558609,,0.006737842224538326,,1.650390625
,,,,865,,0.14520613849163055,,0.006534270942211151,,1.541015625
,,,,866,,0.16243885457515717,,0.0064330012537539005,,1.73046875
,,,,867,,0.14730779826641083,,0.006438650656491518,,1.56640625
,,,,868,,0.15181007981300354,,0.006546413991600275,,1.611328125
,,,,869,,0.15801328420639038,,0.006157814059406519,,1.6875
,,,,870,,0.15112999081611633,,0.006598743610084057,,1.60546875
,,,,871,,0.1603040248155594,,0.006007140967994928,,1.712890625
,,,,872,,0.15705989301204681,,0.006180991884320974,,1.67578125
,,,,873,,0.14397522807121277,,0.0062799109145998955,,1.52734375
,,,,874,,0.1526557356119156,,0.006171360611915588,,1.62890625
,,,,875,,0.15462978184223175,,0.006192286033183336,,1.650390625
,,,,876,,0.160353422164917,,0.00581241212785244,,1.716796875
,,,,877,,0.14682269096374512,,0.006441822275519371,,1.560546875
,,,,878,,0.14586257934570312,,0.006824506912380457,,1.54296875
,,,,879,,0.16211020946502686,,0.006104347296059132,,1.734375
,,,,880,,0.1519954651594162,,0.006365587003529072,,1.619140625
,,,,881,,0.15465141832828522,,0.007190475706011057,,1.63671875
,,,,882,,0.15465174615383148,,0.006458385847508907,,1.64453125
,,,,883,,0.15350580215454102,,0.006044880487024784,,1.638671875
,,,,884,,0.15176041424274445,,0.006985021289438009,,1.609375
,,,,885,,0.1501852571964264,,0.006630569696426392,,1.59375
,,,,886,,0.14900070428848267,,0.005934296175837517,,1.591796875
,,,,887,,0.142439067363739,,0.006452736910432577,,1.513671875
,,,,888,,0.16565480828285217,,0.006719266064465046,,1.767578125
,,,,889,,0.1491272747516632,,0.006793281529098749,,1.58203125
,,,,890,,0.1483331322669983,,0.006975718308240175,,1.5703125
,,,,891,,0.1583387702703476,,0.00623916694894433,,1.69140625
,,,,892,,0.15306200087070465,,0.006577630061656237,,1.626953125
,,,,893,,0.14481574296951294,,0.00663214223459363,,1.537109375
,,,,894,,0.15339899063110352,,0.006670469418168068,,1.6328125
,,,,895,,0.16874396800994873,,0.006390450522303581,,1.802734375
,,,,896,,0.1382383108139038,,0.005669963080435991,,1.474609375
,,,,897,,0.16042757034301758,,0.006863114424049854,,1.70703125
,,,,898,,0.15603932738304138,,0.006625273264944553,,1.66015625
,,,,899,,0.1649923175573349,,0.006300899665802717,,1.76171875
,,,,900,,0.12621665000915527,,0.007076036650687456,,1.322265625
16,,,,8006,0.15366600453853607,,0.006409702822566032,,1.6361627578735352,
17,0.10195134580135345,0.007224783301353455,1.052734375,8049,,,,,,
17,0.10000057518482208,0.007349206134676933,1.0283203125,8099,,,,,,
17,0.1039765253663063,0.008151328191161156,1.064453125,8149,,,,,,
17,0.09734886884689331,0.007871328853070736,0.994140625,8199,,,,,,
17,0.10049159079790115,0.008450566790997982,1.021484375,8249,,,,,,
17,0.09886285662651062,0.006943912710994482,1.0205078125,8299,,,,,,
17,0.10022643208503723,0.007697140797972679,1.0283203125,8349,,,,,,
17,0.09566313028335571,0.008016647771000862,0.974609375,8399,,,,,,
17,0.10153371095657349,0.008516132831573486,1.033203125,8449,,,,,,
,,,,901,,0.1622823029756546,,0.006764722988009453,,1.7265625
,,,,902,,0.15642836689949036,,0.006281884387135506,,1.66796875
,,,,903,,0.15119720995426178,,0.0059335422702133656,,1.61328125
,,,,904,,0.15941181778907776,,0.006091501098126173,,1.701171875
,,,,905,,0.16755260527133942,,0.006175649352371693,,1.796875
,,,,906,,0.15331795811653137,,0.0061011589132249355,,1.634765625
,,,,907,,0.16041438281536102,,0.005629220511764288,,1.71875
,,,,908,,0.14858102798461914,,0.006491171196103096,,1.578125
,,,,909,,0.1603446751832962,,0.006047800648957491,,1.71484375
,,,,910,,0.1532033532857895,,0.006230693310499191,,1.6328125
,,,,911,,0.14816869795322418,,0.006078852340579033,,1.578125
,,,,912,,0.15577340126037598,,0.0063593401573598385,,1.658203125
,,,,913,,0.1502377986907959,,0.00643897894769907,,1.59765625
,,,,914,,0.1581558883190155,,0.006056281737983227,,1.689453125
,,,,915,,0.168448343873024,,0.006094838492572308,,1.8046875
,,,,916,,0.1633584052324295,,0.006131843198090792,,1.74609375
,,,,917,,0.17191238701343536,,0.006629188545048237,,1.8359375
,,,,918,,0.15136724710464478,,0.006347707938402891,,1.611328125
,,,,919,,0.16580267250537872,,0.006134700961410999,,1.7734375
,,,,920,,0.14973561465740204,,0.0064250631257891655,,1.59375
,,,,921,,0.16214531660079956,,0.0063835931941866875,,1.732421875
,,,,922,,0.15375083684921265,,0.006045758258551359,,1.642578125
,,,,923,,0.16036543250083923,,0.006312693003565073,,1.7109375
,,,,924,,0.15063785016536713,,0.0058624534867703915,,1.607421875
,,,,925,,0.1647205501794815,,0.00578500097617507,,1.763671875
,,,,926,,0.15516041219234467,,0.005990493576973677,,1.658203125
,,,,927,,0.15881618857383728,,0.005984156392514706,,1.701171875
,,,,928,,0.16218480467796326,,0.005934799090027809,,1.736328125
,,,,929,,0.15699046850204468,,0.005623274482786655,,1.681640625
,,,,930,,0.15565969049930573,,0.006245637312531471,,1.66015625
,,,,931,,0.1649206131696701,,0.006473356857895851,,1.759765625
,,,,932,,0.1652592122554779,,0.006079532206058502,,1.76953125
,,,,933,,0.1605222225189209,,0.006225344724953175,,1.71484375
,,,,934,,0.15139088034629822,,0.006859630346298218,,1.603515625
,,,,935,,0.16081756353378296,,0.006276559084653854,,1.71484375
,,,,936,,0.16212055087089539,,0.006114699877798557,,1.732421875
,,,,937,,0.1495264172554016,,0.006948297377675772,,1.587890625
,,,,938,,0.1611679494380951,,0.006138652563095093,,1.72265625
,,,,939,,0.1469258815050125,,0.005812592804431915,,1.5703125
,,,,940,,0.1542035937309265,,0.00625438429415226,,1.642578125
,,,,941,,0.16756534576416016,,0.006432517431676388,,1.7890625
,,,,942,,0.15571139752864838,,0.006541482172906399,,1.658203125
,,,,943,,0.15476037561893463,,0.00705530121922493,,1.642578125
,,,,944,,0.16652590036392212,,0.006125497166067362,,1.78125
,,,,945,,0.15982572734355927,,0.0063833496533334255,,1.705078125
,,,,946,,0.14885148406028748,,0.006517496891319752,,1.580078125
,,,,947,,0.15838757157325745,,0.006532107479870319,,1.689453125
,,,,948,,0.16587615013122559,,0.006452317349612713,,1.76953125
,,,,949,,0.1471157819032669,,0.005514219868928194,,1.572265625
,,,,950,,0.1708502471446991,,0.006543608382344246,,1.828125
,,,,951,,0.14837320148944855,,0.006527499761432409,,1.57421875
,,,,952,,0.17336274683475494,,0.00612641591578722,,1.861328125
,,,,953,,0.1213357150554657,,0.006711695343255997,,1.2734375
17,,,,8477,0.15797555446624756,,0.00624507199972868,,1.6858443021774292,
18,0.0986507311463356,0.007708350662142038,1.01171875,8499,,,,,,
18,0.0969804897904396,0.008235376328229904,0.986328125,8549,,,,,,
18,0.09674667567014694,0.008001565001904964,0.9853515625,8599,,,,,,
18,0.09585164487361908,0.0074727414175868034,0.9814453125,8649,,,,,,
18,0.09690908342599869,0.0074315438978374004,0.994140625,8699,,,,,,
18,0.1017565205693245,0.008372730575501919,1.037109375,8749,,,,,,
18,0.09487207233905792,0.006981449667364359,0.9765625,8799,,,,,,
18,0.10091590136289597,0.007898320443928242,1.033203125,8849,,,,,,
18,0.0957387387752533,0.007848111912608147,0.9755859375,8899,,,,,,
,,,,954,,0.15205565094947815,,0.006547839380800724,,1.6171875
,,,,955,,0.1486484706401825,,0.006070350296795368,,1.583984375
,,,,956,,0.14815714955329895,,0.00557901943102479,,1.583984375
,,,,957,,0.15171228349208832,,0.005716192070394754,,1.625
,,,,958,,0.16549015045166016,,0.006066320464015007,,1.771484375
,,,,959,,0.14907817542552948,,0.005767632741481066,,1.591796875
,,,,960,,0.14945527911186218,,0.0054123010486364365,,1.599609375
,,,,961,,0.1403649002313614,,0.006331699434667826,,1.4921875
,,,,962,,0.1494801789522171,,0.005681345239281654,,1.59765625
,,,,963,,0.14752767980098724,,0.005926113110035658,,1.57421875
,,,,964,,0.15261313319206238,,0.005640475079417229,,1.63671875
,,,,965,,0.14837203919887543,,0.006038059014827013,,1.58203125
,,,,966,,0.1459076851606369,,0.006259249057620764,,1.552734375
,,,,967,,0.1496436595916748,,0.005844836123287678,,1.59375
,,,,968,,0.16776713728904724,,0.0056577762588858604,,1.8046875
,,,,969,,0.15625545382499695,,0.005864819977432489,,1.669921875
,,,,970,,0.15523532032966614,,0.0065536778420209885,,1.650390625
,,,,971,,0.14636531472206116,,0.005984451621770859,,1.55859375
,,,,972,,0.15691231191158295,,0.0057892645709216595,,1.67578125
,,,,973,,0.14886096119880676,,0.006038696970790625,,1.583984375
,,,,974,,0.1563045084476471,,0.006158031057566404,,1.666015625
,,,,975,,0.15221653878688812,,0.005976309068500996,,1.626953125
,,,,976,,0.1496017873287201,,0.006291234400123358,,1.591796875
,,,,977,,0.15197208523750305,,0.005487716291099787,,1.626953125
,,,,978,,0.15768244862556458,,0.005582834593951702,,1.689453125
,,,,979,,0.14732517302036285,,0.005967746954411268,,1.568359375
,,,,980,,0.15146377682685852,,0.005711818113923073,,1.6171875
,,,,981,,0.15310969948768616,,0.005648770369589329,,1.638671875
,,,,982,,0.16069799661636353,,0.005424549803137779,,1.724609375
,,,,983,,0.14960616827011108,,0.006051479838788509,,1.595703125
,,,,984,,0.14785873889923096,,0.006013036239892244,,1.576171875
,,,,985,,0.15568551421165466,,0.005783161614090204,,1.6640625
,,,,986,,0.15172654390335083,,0.00597458565607667,,1.619140625
,,,,987,,0.15370312333106995,,0.006486331112682819,,1.634765625
,,,,988,,0.15850090980529785,,0.006157153286039829,,1.693359375
,,,,989,,0.1463150978088379,,0.0059342277236282825,,1.55859375
,,,,990,,0.15108437836170197,,0.006553137209266424,,1.603515625
,,,,991,,0.15968897938728333,,0.006124526262283325,,1.705078125
,,,,992,,0.14510442316532135,,0.005455994978547096,,1.548828125
,,,,993,,0.13870073854923248,,0.005888230167329311,,1.474609375
,,,,994,,0.16408514976501465,,0.006370299495756626,,1.75
,,,,995,,0.14551721513271332,,0.006357067264616489,,1.546875
,,,,996,,0.15031418204307556,,0.0067594945430755615,,1.595703125
,,,,997,,0.14806635677814484,,0.005976514890789986,,1.580078125
,,,,998,,0.14886850118637085,,0.006046241614967585,,1.587890625
,,,,999,,0.14221784472465515,,0.006353593431413174,,1.5078125
,,,,1000,,0.1561112403869629,,0.006208906881511211,,1.666015625
,,,,1001,,0.1605680286884308,,0.0062711602076888084,,1.712890625
